{"format_version":"2.0","frame_count":900,"variables":[{"name":"a","values":[-2.0,-1.8620689655172413,-1.7241379310344827,-1.5862068965517242,-1.4482758620689655,-1.3103448275862069,-1.1724137931034484,-1.0344827586206897,-0.896551724137931,-0.7586206896551724,-0.6206896551724137,-0.48275862068965525,-0.3448275862068966,-0.2068965517241379,-0.06896551724137945,0.06896551724137945,0.2068965517241379,0.34482758620689635,0.48275862068965525,0.6206896551724137,0.7586206896551726,0.896551724137931,1.0344827586206895,1.1724137931034484,1.3103448275862069,1.4482758620689653,1.5862068965517242,1.7241379310344827,1.862068965517241,2.0],"min":-2.0,"max":2.0,"steps":30},{"name":"b","values":[-3.0,-2.793103448275862,-2.586206896551724,-2.3793103448275863,-2.1724137931034484,-1.9655172413793103,-1.7586206896551724,-1.5517241379310345,-1.3448275862068966,-1.1379310344827587,-0.9310344827586206,-0.7241379310344827,-0.5172413793103448,-0.31034482758620685,-0.10344827586206895,0.10344827586206895,0.31034482758620685,0.5172413793103448,0.7241379310344827,0.9310344827586206,1.137931034482759,1.3448275862068968,1.5517241379310347,1.7586206896551726,1.9655172413793105,2.1724137931034484,2.3793103448275863,2.586206896551724,2.793103448275862,3.0],"min":-3.0,"max":3.0,"steps":30}],"lengths":[30,30],"strides":[30,1],"initial_indices":[22,14]}