{"format_version":"2.0","frame_count":256,"variables":[{"name":"a","values":[-5.0,-4.333333333333333,-3.666666666666667,-3.0,-2.3333333333333335,-1.666666666666667,-1.0,-0.3333333333333339,0.33333333333333304,1.0,1.666666666666666,2.333333333333333,3.0,3.666666666666666,4.333333333333332,5.0],"min":-5.0,"max":5.0,"steps":16},{"name":"b","values":[-5.0,-4.333333333333333,-3.666666666666667,-3.0,-2.3333333333333335,-1.666666666666667,-1.0,-0.3333333333333339,0.33333333333333304,1.0,1.666666666666666,2.333333333333333,3.0,3.666666666666666,4.333333333333332,5.0],"min":-5.0,"max":5.0,"steps":16}],"lengths":[16,16],"strides":[16,1],"initial_indices":[11,8]}